{
  "name": "NoEntiendo50",
  "vendorId": "0x4E4D",
  "productId": "0x0000",
  "matrix": 
  { 
	  "rows": 5, 
		"cols": 12 
  },
  
    "layouts": 
  {
    "keymap": 
    [
      [{"x":0.5},"0,0","0,1","0,2","0,3","0,4","0,5"],
      ["1,0","1,1","1,2","1,3","1,4","1,5",{"x":1},"1,6","1,7","1,8","1,9","1,10","1,11"],
      ["2,0","2,1","2,2","2,3","2,4","2,5",{"x":1},"2,6","2,7","2,8","2,9","2,10","2,11"],
      ["3,0","3,1","3,2","3,3","3,4","3,5",{"x":1},"3,6","3,7","3,8","3,9","3,10","3,11"],
      ["4,0","4,1","4,2",{"x":0.3999999999999999,"w":2.25, "c":"#aaaaaa"},"4,4",{"x":1.75,"w":2.25},"4,7",{"x":0.3999999999999964},"4,9","4,10","4,11"]
    ]
      
  }
}